<?xml version="1.0"?>
<doc>
    <assembly>
        <name>GrapeCity.Forguncy.ServerApi</name>
    </assembly>
    <members>
        <member name="T:GrapeCity.Forguncy.ServerApi.GetAttribute">
            <summary>
            <cn>
            指定GET方法要执行的Action。
            </cn>
            <ja>
            GETメソッドにより実行されるアクションであることを指定します。
            </ja>
            </summary>
        </member>
        <member name="T:GrapeCity.Forguncy.ServerApi.PostAttribute">
            <summary>
            <cn>
            指定POST方法要执行的Action。
            </cn>
            <ja>
            POSTメソッドにより実行されるアクションであることを指定します。
            </ja>
            </summary>
        </member>
        <member name="T:GrapeCity.Forguncy.ServerApi.ScheduleApiAttribute">
            <summary>
            <cn>
            指定该Action应定期执行。
            </cn>
            <ja>
            定期実行されるアクションであることを指定します。。
            </ja>
            </summary>
        </member>
        <member name="M:GrapeCity.Forguncy.ServerApi.ScheduleApiAttribute.#ctor(System.String,System.String)">
             <summary>
             <cn>
             指定这是在指定的时间和时间间隔内执行的预定Action。
             </cn>
             <ja>
             実行時刻とインターバルを指定してスケジュール実行されるアクションであることを指定します。
             </ja>
             </summary>
             <param name="startWhen">
             <cn>
             定期执行时间。 如 "12：30：00"。
             </cn>
             <ja>
             定期実行処理の実行時刻。文字列で"12:30:0"のように指定します。
             </ja>
             </param>
             <param name="interval">
             <cn>
             定期执行的时间间隔。 应指定为字符串，如 "7"。
             </cn>
             <ja>
             定期実行処理のインターバル。文字列で"7"のように指定します。
             </ja>
             </param>
             <example>
             <cn>
            下面的代码示例是一种每周12:30运行（每周7天）的方法。
             </cn>
             <ja>
             毎週（7日間ごとの）午前12時30分に実行されるメソッドのコード例を次に示します。
             </ja>
             <code>
             public class Class1 : ForguncyApi
             {
                 [ScheduleApi("12:30:0", "7")]
                 public void SampleScheduleApi1()
                 {
                     // ここに処理を記述します。
                 }
             }
             </code>
             </example>
        </member>
        <member name="M:GrapeCity.Forguncy.ServerApi.ScheduleApiAttribute.#ctor(System.String)">
            <summary>
            <cn>
            指定Action应以指定的时间间隔定期执行。。
            </cn>
            <ja>
            インターバルを指定して定期実行されるアクションであることを指定します。
            </ja>
            </summary>
            <param name="interval">
            <cn>
            定期处理间隔。 用诸如“ 3：0：0”之类的字符串指定。
            </cn>
            <ja>
            定期実行処理のインターバル。文字列で"3:0:0"のように指定します。
            </ja> 
            </param>
            <example>
            <cn>
            下面是一个每三小时运行一次的方法的示例代码。
            </cn>
            <ja>
            3時間ごとに実行されるメソッドのコード例を次に示します。
            </ja> 
            <code>
            public class Class1 : ForguncyApi
            {
                [ScheduleApi("3:0:0")]
                public void SampleScheduleApi2()
                {
                    // ここに処理を記述します。
                }
            }
            </code>
            </example>
        </member>
        <member name="P:GrapeCity.Forguncy.ServerApi.ScheduleApiAttribute.StartWhen">
            <summary>
            <cn>
            获取当前设置的定期执行的执行时间。
            </cn>
            <ja>
            現在設定されている定期実行の実行時刻を取得します。
            </ja>
            </summary>
        </member>
        <member name="P:GrapeCity.Forguncy.ServerApi.ScheduleApiAttribute.Interval">
            <summary>
            <cn>
            获取当前设置的定期执行间隔。
            </cn>
            <ja>
            現在設定されている定期実行のインターバルを取得します。
            </ja>
            </summary>
        </member>
        <member name="P:GrapeCity.Forguncy.ServerApi.ScheduleApiAttribute.StartWheServerStart">
            <summary>
            <cn>
            保留此属性是为了兼容性。 不要使用此属性，请使用StartWhenServerStart属性。
            获取是否从Forguncy Server启动时开始安排运行。
            </cn>
            <ja>
            ※このプロパティは互換性維持のために残されています。本プロパティは使用せず、StartWhenServerStartプロパティを使用してください。
            定期実行がForguncy Serverの起動時から開始されるかどうかを取得します。
            </ja>
            </summary>
        </member>
        <member name="P:GrapeCity.Forguncy.ServerApi.ScheduleApiAttribute.StartWhenServerStart">
            <summary>
            <cn>
            获取是否从Forguncy Server启动时开始安排运行。
            </cn>
            <ja>
            定期実行がForguncy Serverの起動時から開始されるかどうかを取得します。
            </ja>
            </summary>
        </member>
        <member name="P:GrapeCity.Forguncy.ServerApi.ScheduleApiAttribute.IsValid">
            <summary>
            <cn>
            获取设置的间隔是否有效。
            </cn>
            <ja>
            設定されているインターバルが適切かどうかを取得します。
            </ja>
            </summary>
        </member>
        <member name="T:GrapeCity.Forguncy.ServerApi.IDataAccess">
            <summary>
            <cn>
            提供访问Forguncy表的方法。
            </cn>
            <ja>
            Forguncyテーブルにアクセスするメソッドを提供します。
            </ja>
            </summary>
        </member>
        <member name="M:GrapeCity.Forguncy.ServerApi.IDataAccess.GetTableData(System.String,GrapeCity.Forguncy.ServerApi.ColumnValuePair)">
            <summary>
            <cn>
            从表中获取与指定值匹配的记录。
            </cn>
            <ja>
            指定した値と合致するレコードをテーブルから取得します。
            </ja>
            </summary>
            <param name="tableName">
            <cn>
            要获取的表名。
            </cn>
            <ja>
            取得対象のテーブル名。
            </ja>
            </param>
            <param name="primaryKey">
            <cn>
            字段名称/值对（使用唯一字段）以指定找到的集合
            </cn>
            <ja>
            対象レコードを指定するためのフィールドの名前と値のペア（一意なフィールドを使用）
            </ja>
            </param>
            <example>
            <cn>
            下面的代码示例根据POST方法请求的内容在Forguncy表中检索特定记录。
            </cn>
            <ja>
            POSTメソッドによるリクエストの内容を基に、Forguncyテーブルの特定のレコードを取得するコード例を次に示します。
            </ja>
            <code>
            public class SampleApi : ForguncyApi
            {
                [Post]
                public void GetDataSample()
                {
                    StreamReader reader = new StreamReader(this.Context.Request.Body);
                    string message = reader.ReadToEnd();
                    var valuePair = JsonConvert.DeserializeObject&lt;ColumnValuePair&gt;(message);
            
                    using (var responseWriter = new StreamWriter(this.Context.Response.Body, Encoding.UTF8))
                    {
                        responseWriter.Write(JsonConvert.SerializeObject(this.DataAccess.GetTableData("SampleTable1", valuePair), Formatting.Indented));
                    }
                }
            }
            </code>
            </example>
        </member>
        <member name="M:GrapeCity.Forguncy.ServerApi.IDataAccess.GetTableData(System.String)">
            <summary>
            <cn>
            通过指定OData路径获取一条记录。 在资源路径之后指定OData路径，但不包括根URI。
            </cn>
            <ja>
            ODataパスを指定してレコードを取得します。ODataパスは、ルートURIは含めずリソースパス以降を指定します。
            </ja>
            </summary>
            <param name="odataPath">
            <cn>
            OData路径。
            </cn>
            <ja>
            ODataパス。
            </ja>
            </param>
            <example>
            <cn>
            下面的代码示例在POST方法中接收OData路径，并基于该路径检索Forguncy表中的记录。
            </cn>
            <ja>
            POSTメソッドでODataパスを受け取り、それを基にForguncyテーブルのレコードを取得するコード例を次に示します。
            </ja>
            <code>
            public class SampleApi : ForguncyApi
            {
                [Post]
                public void GetDataSampleByOData()
                {
                    StreamReader reader = new StreamReader(this.Context.Request.Body);
                    string message = reader.ReadToEnd();
            
                    using (var responseWriter = new StreamWriter(this.Context.Response.Body, Encoding.UTF8))
                    {
                        responseWriter.Write(JsonConvert.SerializeObject(this.DataAccess.GetTableData(message), Formatting.Indented));
                    }
                }
            }
            </code>
            </example>
        </member>
        <member name="M:GrapeCity.Forguncy.ServerApi.IDataAccess.GetTableDataAsync(System.String,System.Collections.Generic.IEnumerable{System.Object},System.Object,System.Object,System.Object,System.Object)">
            <summary>
            
            </summary>
            <param name="tableName"></param>
            <param name="bindingInfos"></param>
            <param name="queryCondition"></param>
            <param name="orderBy"></param>
            <param name="top"></param>
            <param name="offset"></param>
            <returns></returns>
        </member>
        <member name="M:GrapeCity.Forguncy.ServerApi.IDataAccess.GetTableDataRowCountAsync(System.String,System.Object)">
            <summary>
            Internal use
            </summary>
            <param name="tableName"></param>
            <param name="queryCondition"></param>
            <returns></returns>
        </member>
        <member name="M:GrapeCity.Forguncy.ServerApi.IDataAccess.UpdateTableData(System.String,GrapeCity.Forguncy.ServerApi.ColumnValuePair,System.Collections.Generic.Dictionary{System.String,System.Object})">
            <summary>
            <cn>
            更新与指定值匹配的记录。
            </cn>
            <ja>
            指定した値と合致するレコードを更新します。
            </ja>
            </summary>
            <param name="tableName">
            <cn>
            更新目标表名称。
            </cn>
            <ja>
            更新対象のテーブル名。
            </ja>
            </param>
            <param name="primaryKey">
            <cn>
            字段名称/值对（使用唯一字段）以指定找到的集合。
            </cn>
            <ja>
            対象レコードを指定するためのフィールドの名前と値のペア（一意なフィールドを使用）。
            </ja>
            </param>
            <param name="updateValues">
            <cn>
            要被更新的值，Key表示列名，值是要被更新的值。
            </cn>
            <ja>
            フィールド名と値のコレクションとして作成した更新データ。
            </ja>
            </param>
            <example>
            <cn>
            下面的代码示例根据POST方法请求的内容更新Forguncy表中的特定记录。。
            </cn>
            <ja>
            POSTメソッドによるリクエストの内容を基に、Forguncyテーブルの特定のレコードを更新するコード例を次に示します。
            </ja>
            <code>
            public class SampleApi : ForguncyApi
            {
                [Post]
                public void UpdateDataSample()
                {
                    StreamReader reader = new StreamReader(this.Context.Request.Body);
                    string message = reader.ReadToEnd();
                    UpdateObj updateData = JsonConvert.DeserializeObject&lt;UpdateObj&gt;(message);
                    var targetRecord = new ColumnValuePair() { ColumnName = "ID", Value = updateData.ID };
            
                    this.DataAccess.UpdateTableData("SampleTable1", targetRecord, updateData.UpdateData);
                }
            }
            </code>
            </example>
        </member>
        <member name="M:GrapeCity.Forguncy.ServerApi.IDataAccess.UpdateTableDataAsync(System.String,GrapeCity.Forguncy.ServerApi.ColumnValuePair,System.Collections.Generic.Dictionary{System.String,System.Object})">
            <summary>
            Internal use
            </summary>
        </member>
        <member name="M:GrapeCity.Forguncy.ServerApi.IDataAccess.DeleteTableData(System.String,GrapeCity.Forguncy.ServerApi.ColumnValuePair)">
             <summary>
             <cn>
             从表中删除与指定值匹配的记录。
             </cn>
             <ja>
             指定した値と合致するレコードをテーブルから削除します。
             </ja>
             </summary>
             <param name="tableName">
             <cn>
             要删除的表名。
             </cn>
             <ja>
             削除対象のテーブル名。
             </ja>
             </param>
             <param name="primaryKey">
             <cn>
             字段名称/值对（使用唯一字段）以指定找到的集合。
             </cn>
             <ja>
             対象レコードを指定するためのフィールドの名前と値のペア（一意なフィールドを使用）。
             </ja>
             </param>
             <example>
             <cn>
             下面的代码示例根据POST方法发出的请求的内容删除Forguncy表中的特定记录。
             </cn>
             <ja>
             POSTメソッドによるリクエストの内容を基に、Forguncyテーブルの特定のレコードを削除するコード例を次に示します。
             </ja>
             <code>
             public class SampleApi : ForguncyApi
             {
                 [Post]
                 public void DeleteDataSample()
                 {
                     StreamReader reader = new StreamReader(this.Context.Request.Body);
                     string message = reader.ReadToEnd();
                     var valuePair = JsonConvert.DeserializeObject&lt;ColumnValuePair&gt;(message);
            
                     this.DataAccess.DeleteTableData("SampleTable1", valuePair);
                 }
             }
             </code>
             </example>
        </member>
        <member name="M:GrapeCity.Forguncy.ServerApi.IDataAccess.DeleteTableDataAsync(System.String,GrapeCity.Forguncy.ServerApi.ColumnValuePair)">
            <summary>
            Internal use
            </summary>
        </member>
        <member name="M:GrapeCity.Forguncy.ServerApi.IDataAccess.AddTableData(System.String,System.Collections.Generic.Dictionary{System.String,System.Object})">
            <summary>
            <cn>
            将数据添加到指定的表。
            </cn>
            <ja>
            指定したテーブルにデータを追加します。
            </ja>
            </summary>
            <param name="tableName">
            <cn>
            要向其添加数据的表名。
            </cn>
            <ja>
            データを追加するテーブル名。
            </ja>
            </param>
            <param name="newValues">
            <cn>
            作为字段名称和值的集合创建的其他数据。
            </cn>
            <ja>
            フィールド名と値のコレクションとして作成した追加データ。
            </ja>
            </param>
            <example>
            <cn>
            下面的代码示例根据POST方法基于请求的内容将值添加到Forguncy表。。
            </cn>
            <ja>
            POSTメソッドによるリクエストの内容を基に、Forguncyテーブルに値を追加するコード例を次に示します。
            </ja>
            <code>
            public class SampleApi : ForguncyApi
            {
                [Post]
                public void AddSampleData()
                {
                    StreamReader reader = new StreamReader(this.Context.Request.Body);
                    string message = reader.ReadToEnd();
            
                    Dictionary&lt;string, object&gt; values = new Dictionary&lt;string, object&gt;();
            
                    values.Add("date", DateTime.Now);
                    values.Add("message", message);
                    values.Add("ip", Context.Request.RemoteIpAddress);
            
                    this.DataAccess.AddTableData("SampleTable1", values);
                }
            }
            </code>
            </example>
        </member>
        <member name="M:GrapeCity.Forguncy.ServerApi.IDataAccess.AddTableDataAsync(System.String,System.Collections.Generic.Dictionary{System.String,System.Object})">
            <summary>
            Internal use
            </summary>
        </member>
        <member name="M:GrapeCity.Forguncy.ServerApi.IDataAccess.AddTableDataWithResultAsync(System.String,System.Collections.Generic.Dictionary{System.String,System.Object},System.Boolean)">
            <summary>
            
            </summary>
            <param name="tableName"></param>
            <param name="newValues"></param>
            <param name="needJustInsertValue"></param>
            <returns></returns>
        </member>
        <member name="M:GrapeCity.Forguncy.ServerApi.IDataAccess.ModifyTablesData(System.Collections.Generic.Dictionary{System.String,GrapeCity.Forguncy.ServerApi.ModifyData})">
            <summary>
            <cn>
            根据多个已编辑的数据更新（添加/编辑/删除）数据。
            </cn>
            <ja>
            複数件の編集データを基にデータを更新（追加・編集・削除）します。
            </ja>
            </summary>
            <param name="modifyData">
            <cn>
            要编辑的数据列表。
            </cn>
            <ja>
            編集対象となるデータのリスト。
            </ja>
            </param>
            <example>
            <cn>
            下面的代码示例添加，更新和删除多个数据。 添加到DeleteRows属性的ColumnValuePair对象必须指定一个唯一记录，例如ID/值。 添加到EditRows属性的EditData对象的PrimaryKey属性还必须具有唯一记录。
            </cn>
            <ja>
            複数件のデータの追加、更新、削除するコード例を次に示します。DeleteRowsプロパティに追加するColumnValuePairオブジェクトは、IDと値のペアなど、一意なレコードが指定される必要があります。EditRowsプロパティに追加するEditDataオブジェクトのPrimaryKeyプロパティにも、同様に一意なレコードが指定される必要があります。
            </ja>
            <code>
            public class SampleApi : ForguncyApi
            {
                [Post]
                public void ModifySampleData()
                {
                    var data = new Dictionary&lt;string, ModifyData&gt;();
                    var modifyData = new ModifyData();
                    modifyData.AddRows.Add(new Dictionary&lt;string, object&gt;
                    {
                        {"フィールド1", 1 },
                        {"フィールド2", 2 }
                    });
                    modifyData.DeleteRows.Add(new ColumnValuePair()
                    {
                        ColumnName = "ID",
                        Value = 2
                    });
                    modifyData.EditRows.Add(new EditData()
                    {
                        PrimaryKey = new ColumnValuePair()
                        {
                            ColumnName = "ID",
                            Value = 3
                        },
                        Values = new Dictionary&lt;string, object&gt;
                        {
                            {"フィールド1", 1 },
                            {"フィールド2", 2 }
                        }
                    });
                    data.Add("テーブル1", modifyData);
                    this.DataAccess.ModifyTablesData(data);
                }
            }
            </code>
            </example>
        </member>
        <member name="M:GrapeCity.Forguncy.ServerApi.IDataAccess.ModifyTablesDataAsync(System.Collections.Generic.Dictionary{System.String,GrapeCity.Forguncy.ServerApi.ModifyData})">
            <summary>
            Internal use
            </summary>
        </member>
        <member name="M:GrapeCity.Forguncy.ServerApi.IDataAccess.GetConnectionString(System.String)">
            <summary>
            
            </summary>
            <param name="tableName"></param>
            <returns></returns>
        </member>
        <member name="M:GrapeCity.Forguncy.ServerApi.IDataAccess.GetConnectionStringByID(System.String)">
            <summary>
            
            </summary>
            <param name="connectionStringID"></param>
            <returns></returns>
        </member>
        <member name="M:GrapeCity.Forguncy.ServerApi.IDataAccess.BeginTransaction(System.String)">
            <summary>
            
            </summary>
            <param name="connectionStr"></param>
        </member>
        <member name="M:GrapeCity.Forguncy.ServerApi.IDataAccess.BeginTransaction(System.String,System.Data.IsolationLevel)">
            <summary>
            
            </summary>
            <param name="connectionStr"></param>
            <param name="isolationLevel"></param>
        </member>
        <member name="M:GrapeCity.Forguncy.ServerApi.IDataAccess.CommitTransaction(System.String)">
            <summary>
            
            </summary>
            <param name="connectionStr"></param>
        </member>
        <member name="M:GrapeCity.Forguncy.ServerApi.IDataAccess.RollbackTransaction(System.String)">
            <summary>
            
            </summary>
            <param name="connectionStr"></param>
        </member>
        <member name="M:GrapeCity.Forguncy.ServerApi.IDataAccess.CallStoredProcedureAsync(System.String,System.String,System.String,GrapeCity.Forguncy.ServerApi.IStoredProcedureParamter[])">
            <summary>
            
            </summary>
            <param name="connectionStringID"></param>
            <param name="procedureSchema"></param>
            <param name="procedureName"></param>
            <param name="procedureParamters"></param>
            <returns></returns>
        </member>
        <member name="M:GrapeCity.Forguncy.ServerApi.IDataAccess.ExecuteSqlAsync(System.String,System.String,System.Collections.Generic.IDictionary{System.String,System.ValueTuple{System.Object,System.Int32}},System.Int32,System.Int32)">
            <summary>
            
            </summary>
            <param name="connStrId"></param>
            <param name="sqlStatement"></param>
            <param name="parameters"></param>
            <param name="secondTimeout"></param>
            <param name="queryCountLimit"></param>
            <returns></returns>
        </member>
        <member name="M:GrapeCity.Forguncy.ServerApi.IDataAccess.GetPrimaryKeys(System.String)">
            <summary>
            internal using, getting the parimary keys by table name
            </summary>
            <param name="tableName"></param>
            <returns></returns>
        </member>
        <member name="M:GrapeCity.Forguncy.ServerApi.IDataAccess.CreateIndexAsync(System.String,System.String,System.String[])">
            <summary>
             Create Index (only support sqlite database database)
            </summary>
            <param name="indexName"></param>
            <param name="tableName"></param>
            <param name="columns"></param>
            <returns></returns>
        </member>
        <member name="M:GrapeCity.Forguncy.ServerApi.IDataAccess.DropIndexAsync(System.String,System.String)">
            <summary>
            
            </summary>
            <param name="indexName"></param>
            <param name="tableName"></param>
            <returns></returns>
        </member>
        <member name="T:GrapeCity.Forguncy.ServerApi.ModifyData">
            <summary>
            <cn>
            提供一种用于创建多个编辑数据的方法。
            </cn>
            <ja>
            複数件の編集データを作成するためのメソッドを提供します。
            </ja>
            </summary>
        </member>
        <member name="M:GrapeCity.Forguncy.ServerApi.ModifyData.#ctor">
            <summary>
            <cn>
            返回ModifyData类的实例。
            </cn>
            <ja>
             ModifyDataクラスのインスタンスを返します。
            </ja>
            </summary>
        </member>
        <member name="P:GrapeCity.Forguncy.ServerApi.ModifyData.DeleteRows">
            <summary>
            <cn>
            返回用于一次删除多个记录的列表。
            </cn>
            <ja>
            複数件のデータを一度に削除する際に使用するリストを返します。
            </ja>
            </summary>
        </member>
        <member name="P:GrapeCity.Forguncy.ServerApi.ModifyData.AddRows">
            <summary>
            <cn>
            返回用于一次添加多个记录的列表。
            </cn>
            <ja>
            複数件のデータを一度に追加する際に使用するリストを返します。
            </ja>
            </summary>
        </member>
        <member name="P:GrapeCity.Forguncy.ServerApi.ModifyData.EditRows">
            <summary>
            <cn>
            返回用于一次更新多个记录的列表。
            </cn>
            <ja>
            複数件のデータを一度に更新する際に使用するリストを返します。
            </ja>
            </summary>
        </member>
        <member name="T:GrapeCity.Forguncy.ServerApi.EditData">
            <summary>
            <cn>
            提供一个数据结构，用于编辑多个数据。
            </cn>
            <ja>
            複数件データ編集のためのデータ構造を提供します。
            </ja>
            </summary>
        </member>
        <member name="P:GrapeCity.Forguncy.ServerApi.EditData.PrimaryKey">
            <summary>
            <cn>
            定义代表主键的字段名/值对。
            </cn>
            <ja>
            主キーを表すフィールド名と値のペアを定義します。
            </ja>
            </summary>
        </member>
        <member name="P:GrapeCity.Forguncy.ServerApi.EditData.Values">
            <summary>
            <cn>
            定义一个数据列表供编辑。
            </cn>
            <ja>
            編集のためのデータのリストを定義します。
            </ja>
            </summary>
        </member>
        <member name="T:GrapeCity.Forguncy.ServerApi.ColumnValuePair">
            <summary>
            <cn>
            定义字段的名称和值。
            </cn>
            <ja>
            フィールドの名前と値を定義します。
            </ja>
            </summary>
        </member>
        <member name="P:GrapeCity.Forguncy.ServerApi.ColumnValuePair.ColumnName">
            <summary>
            <cn>
            定义字段的名称。
            </cn>
            <ja>
            フィールドの名前を定義します。
            </ja>
            </summary>
        </member>
        <member name="P:GrapeCity.Forguncy.ServerApi.ColumnValuePair.Value">
            <summary>
            <cn>
            定义字段的值。
            </cn>
            <ja>
            フィールドの値を定義します。
            </ja>
            </summary>
        </member>
        <member name="P:GrapeCity.Forguncy.ServerApi.ColumnValuePair.SqlCondition">
            <summary>
             Internal Use
            </summary>
        </member>
        <member name="T:GrapeCity.Forguncy.ServerApi.ForguncyApi">
            <summary>
            <cn>
            提供Forguncy服务器端API。 通常情况下，这个类是用来继承而不是直接创建一个新的实例。。
            </cn>
            <ja>
            ForguncyサーバーサイドAPIを提供します。通常、このクラスは直接新しいインスタンスを作成するのではなく、継承して使用します。
            </ja>
            </summary>
        </member>
        <member name="P:GrapeCity.Forguncy.ServerApi.ForguncyApi.DataAccess">
            <summary>
            <cn>
            返回一个DataAccess类的实例。
            </cn>
            <ja>
            DataAccessクラスのインスタンスを返します。
            </ja>
            </summary>
        </member>
        <member name="P:GrapeCity.Forguncy.ServerApi.ForguncyApi.Context">
            <summary>
            <cn>
            返回AspNetCore HttpContext类的实例。
            </cn>
            <ja>
            AspNetCore HttpContextクラスのインスタンスを返します。
            </ja>
            </summary>
        </member>
        <member name="P:GrapeCity.Forguncy.ServerApi.ForguncyApi.EmailSender">
            <summary>
            <cn>
            返回EmailSender类的实例。
            </cn>
            <ja>
            EmailSenderクラスのインスタンスを返します。
            </ja> 
            </summary>
        </member>
        <member name="P:GrapeCity.Forguncy.ServerApi.ForguncyApi.UserInfos">
            <summary>
            <cn>
            返回IUserInfos类的实例。
            </cn>
            <ja>
            UserInfosクラスのインスタンスを返します。
            </ja>
            </summary>
        </member>
        <member name="P:GrapeCity.Forguncy.ServerApi.ForguncyApi.ServerUserCustomCellTypeFilesFolderName">
            <summary>
            <cn>
            返回用户定义的CellType所在文件夹路径。
            </cn>
            <ja>
            Return folder path of user defined cell type.
            </ja>
            </summary>
        </member>
        <member name="P:GrapeCity.Forguncy.ServerApi.ForguncyApi.AppBaseUrl">
            <summary>
            <cn>
            应用的Base Url。
            </cn>
            <ja>
            アプリケーションのベースURL
            </ja>
            </summary>
        </member>
        <member name="T:GrapeCity.Forguncy.ServerApi.IEmailSender">
            <summary>
            <cn>
            提供一种发送电子邮件的方法。
            </cn>
            <ja>
            メールを送信するメソッドを提供します。
            </ja>
            </summary>
        </member>
        <member name="M:GrapeCity.Forguncy.ServerApi.IEmailSender.SendEmail(System.String,System.String,System.String,System.String)">
            <summary>
            <cn>
            将电子邮件发送到指定的电子邮件地址。 如果发送邮件失败，将返回错误消息。 成功返回一个空字符串。
            要使用此方法，必须配置应用程序的邮件服务器设置。
            </cn>
            <ja>
            指定したメールアドレスにメールを送信します。メール送信が失敗した場合、エラーメッセージが返ります。成功した場合には空の文字列が返ります。
            このメソッドを使用するには、アプリケーションのメールサーバーの設定が行われている必要があります。
            </ja>
            </summary>
            <param name="from">
            <cn>
            发件人的电子邮件地址。
            </cn>
            <ja>
            送信元のメールアドレス。
            </ja>
            </param>
            <param name="to">
            <cn>
            收件人的电子邮件地址。
            </cn>
            <ja>
            送信先のメールアドレス。
            </ja>
            </param>
            <param name="title">
            <cn>
            要发送的电子邮件标题。
            </cn>
            <ja>
            送信するメールのタイトル。
            </ja>
            </param>
            <param name="content">
            <cn>
            要发送的电子邮件正文。
            </cn>
            <ja>
            送信するメールの本文。
            </ja>
            </param>
            <example>
            <cn>
            以下代码示例使用HTML标签发送电子邮件。
            </cn>
            <ja>
            HTMLタグを使用したメールを送信するコード例を次に示します。
            </ja>
            <code>
            public class SampleApi : ForguncyApi
            {
                [Get]
                public void SendMail()
                {
                    var errorMessage = this.EmailSender.SendEmail("examplefrom@example.com", "exampleto@example.com", "発注警告メール", "&lt;h1&gt;在庫数が少なくなっています&lt;/h1&gt;&lt;p&gt;在庫数が残りわずかとなりました。発注処理をこなってください。&lt;/p&gt;");
                    if (string.IsNullOrEmpty(errorMessage))
                    {
                        // 成功
                    }
                    else
                    {
                        // 失敗
                    }
                }
            }
            </code>
            </example>
        </member>
        <member name="M:GrapeCity.Forguncy.ServerApi.IEmailSender.SendEmail(System.String,System.Collections.Generic.List{System.String},System.String,System.String)">
            <summary>
            <cn>
            将电子邮件发送到指定的电子邮件地址列表。 如果发送邮件失败，将返回错误消息。 成功返回一个空字符串。
            要使用此方法，必须设置应用程序的邮件服务器。
            </cn>
            <ja>
            指定したメールアドレスリストにメールを送信します。メール送信が失敗した場合、エラーメッセージが返ります。成功した場合には空の文字列が返ります。
            このメソッドを使用するには、アプリケーションのメールサーバーの設定が行われている必要があります。
            </ja>
            </summary>
            <param name="from">
            <cn>
            发件人的电子邮件地址。
            </cn>
            <ja>
            送信元のメールアドレス。
            </ja>
            </param>
            <param name="to">
            <cn>
            收件人的电子邮件地址列表。
            </cn>
            <ja>
            送信先のメールアドレスリスト。
            </ja>
            </param>
            <param name="title">
            <cn>
            要发送的电子邮件标题。
            </cn>
            <ja>
            送信するメールのタイトル。
            </ja>
            </param>
            <param name="content">
            <cn>
            要发送的电子邮件正文。
            </cn>
            <ja>
            送信するメールの本文。
            </ja>
            </param>
            <example>
            HTMLタグを使用したメールを複数の宛先に送信するコード例を次に示します。
            <code>
            public class SampleApi : ForguncyApi
            {
                [Get]
                public void SendMail()
                {
                    var toList = new List&lt;string&gt;() { "example1@example.com", "example2@example.com" };
                    var errorMessage = this.EmailSender.SendEmail("examplefrom@example.com", toList, "発注警告メール", "&lt;h1&gt;在庫数が少なくなっています&lt;/h1&gt;&lt;p&gt;在庫数が残りわずかとなりました。発注処理をこなってください。&lt;/p&gt;");
                    if (string.IsNullOrEmpty(errorMessage))
                    {
                        // 成功
                    }
                    else
                    {
                        // 失敗
                    }
                }
            }
            </code>
            </example>
        </member>
        <member name="M:GrapeCity.Forguncy.ServerApi.IEmailSender.SendEmail(GrapeCity.Forguncy.ServerApi.FgcMailMessage)">
            <summary>
            <cn>
            将电子邮件发送到指定的电子邮件地址列表。 如果发送邮件失败，将返回错误消息。 成功返回一个空字符串。
            要使用此方法，必须设置应用程序的邮件服务器。
            </cn>
            <ja>
            FgcMailMessageオブジェクトを指定してメールを送信します。CCやBCC、添付ファイルなどより詳細な設定が必要なメールを送信したい場合に本メソッドを使用します。メール送信が失敗した場合、エラーメッセージが返ります。成功した場合には空の文字列が返ります。
            このメソッドを使用するには、アプリケーションのメールサーバーの設定が行われている必要があります。
            </ja>
            </summary>
            <param name="mailMessage">
            <cn>
            详细的电子邮件信息
            </cn>
            <ja>
            FgcMailMessageオブジェクト。送信するメールの内容を設定します。
            </ja>
            </param>
            <returns></returns>
            <example>
            プレーンテキスト形式のメールをCCやBCCを含む複数の宛先に送信するコード例を次に示します。
            <code>
            public class SampleApi : ForguncyApi
            {
                [Get]
                public void SendMail()
                {
                    var message = new FgcMailMessage()
                    {
                        From = "example@example.com",
                        To = new List&lt;string&gt;() { "example1@example.com", "example2@example.com" },
                        CC = new List&lt;string&gt;() { "cc1@example.com", "cc2@example.com" },
                        BCC = new List&lt;string&gt;() { "bcc1@example.com", "bcc2@example.com" },
                        Attachments = new List&lt;string&gt;() { "c:\\2.text", "c:\\2.txt" },
                        Title = "<cn>testTitle</cn><ja>発注警告メール</ja>",
                        Content = "<cn>testContent</cn><ja>在庫数が残りわずかとなりました。発注処理をこなってください。</ja>",
                        Priority = "High",
                        SendAsPlainText = true
                    };
                    this.EmailSender.SendEmail(message);
                }
            }
            </code>
            </example>
        </member>
        <member name="M:GrapeCity.Forguncy.ServerApi.IEmailSender.SendEmailAsync(System.String,System.Collections.Generic.List{System.String},System.String,System.String)">
            <summary>
            
            </summary>
            <param name="from"></param>
            <param name="to"></param>
            <param name="title"></param>
            <param name="content"></param>
            <returns></returns>
        </member>
        <member name="M:GrapeCity.Forguncy.ServerApi.IEmailSender.SendEmailAsync(GrapeCity.Forguncy.ServerApi.FgcMailMessage)">
            <summary>
            
            </summary>
            <param name="mailMessage"></param>
            <returns></returns>
        </member>
        <member name="T:GrapeCity.Forguncy.ServerApi.FgcMailMessage">
            <summary>
            <cn>
            表示邮件信息
            </cn>
            <ja>
            SendEmailメソッドで使用する送信メールの詳細情報を表します。
            </ja>
            </summary>
        </member>
        <member name="P:GrapeCity.Forguncy.ServerApi.FgcMailMessage.From">
            <summary>
            <cn>
            发件人的电子邮件地址。
            </cn>
            <ja>
            送信元（差出人）のメールアドレスを指定します。
            </ja>
            </summary>
        </member>
        <member name="P:GrapeCity.Forguncy.ServerApi.FgcMailMessage.To">
            <summary>
            <cn>
            收件人的电子邮件地址。
            </cn>
            <ja>
            送信先（宛先）のメールアドレスを指定します。カンマ区切りで複数の送信先を指定することができます。
            </ja>
            </summary>
        </member>
        <member name="P:GrapeCity.Forguncy.ServerApi.FgcMailMessage.CC">
            <summary>
            <cn>
            抄送收件人的电子邮件地址。
            </cn>
            <ja>
            CCのメールアドレスを指定します。このプロパティは省略可能です。カンマ区切りで複数の送信先を指定することができます。
            </ja>
            </summary>
        </member>
        <member name="P:GrapeCity.Forguncy.ServerApi.FgcMailMessage.BCC">
            <summary>
            <cn>
            密送收件人的电子邮件地址。
            </cn>
            <ja>
            BCCのメールアドレスを指定します。このプロパティは省略可能です。カンマ区切りで複数の送信先を指定することができます。
            </ja>
            </summary>
        </member>
        <member name="P:GrapeCity.Forguncy.ServerApi.FgcMailMessage.Attachments">
            <summary>
            <cn>
            附件
            </cn>
            <ja>
            メールの添付ファイルを指定します。このプロパティは省略可能です。サーバーからアクセス可能なファイルパス指定してください。複数の添付ファイルがある場合は、「|」で区切ります。
            </ja>
            </summary>
        </member>
        <member name="P:GrapeCity.Forguncy.ServerApi.FgcMailMessage.Title">
            <summary>
            <cn>
            要发送的电子邮件标题。
            </cn>
            <ja>
            送信するメールのタイトルを指定します。
            </ja>
            </summary>
        </member>
        <member name="P:GrapeCity.Forguncy.ServerApi.FgcMailMessage.Content">
            <summary>
            <cn>
            要发送的电子邮件正文。
            </cn>
            <ja>
            メールの本文を指定します。プレーンなテキストのほか、HTMLタグを含む文字列を指定することもできます。
            </ja>
            </summary>
        </member>
        <member name="P:GrapeCity.Forguncy.ServerApi.FgcMailMessage.Priority">
            <summary>
            <cn>
            邮件重要度（Low,Normal,High），默认值为Normal表示普通。Low表示重要度低，High表示重要度高
            </cn>
            <ja>
            メールの重要度を指定します。指定可能な値は「Low」、「Normal」、「High」の3つです。このプロパティは省略可能です。値を空にした場合、「Normal」を指定した状態と同じ動作になります。
            </ja>
            </summary>
        </member>
        <member name="P:GrapeCity.Forguncy.ServerApi.FgcMailMessage.SendAsPlainText">
            <summary>
            <cn>
            以纯文本格式发送邮件
            </cn>
            <ja>
            プレーンテストとして送信するかどうかを指定します。このプロパティは省略可能です。値を空にした場合、HTML形式のデータとテキスト形式のデータの両方を持つマルチパートメールとして送信されます。
            </ja>
            </summary>
        </member>
        <member name="T:GrapeCity.Forguncy.ServerApi.IUserInfos">
            <summary>
            <cn>
            提供用于管理用户帐户的方法。
            </cn>
            <ja>
            ユーザーアカウント情報を管理するためのメソッドを提供します。
            </ja>
            </summary>
        </member>
        <member name="M:GrapeCity.Forguncy.ServerApi.IUserInfos.GetUserInfos">
            <summary>
            <cn>
            获取所有注册的Forguncy用户帐户信息。
            </cn>
            <ja>
            登録されているForguncyのすべてのユーザーアカウント情報を取得します。
            </ja>
            </summary>
            <example>
            <cn>
            以下代码示例检索所有Forguncy用户帐户信息并将其打印到控制台。。
            </cn>
            <ja>
            Forguncyのすべてのユーザーアカウント情報を取得し、それをコンソール出力するコード例を次に示します。
            </ja>
            <code>
            public class SampleApi : ForguncyApi
            {
                [Get]
                public void TestGetUser()
                {
                    var userInfos = this.UserInfos.GetUserInfos();
                    for (int i = 0; i &lt; userInfos.Count; i++)
                    
                    {
                        var userInfo = userInfos[i];
                        Console.Write(userInfo.UserName);
                        Console.Write(userInfo.Email);
                        Console.Write(userInfo.GetPropertyValue("上長")); // '上長'という名称の拡張属性を取得
                    }
                }
            }
            </code>
            </example>
        </member>
        <member name="M:GrapeCity.Forguncy.ServerApi.IUserInfos.GetUserInfo(System.String)">
            <summary>
            Get user information
            </summary>
            <param name="userName">The user name</param>
            <returns>The user information for specific user</returns>
        </member>
        <member name="M:GrapeCity.Forguncy.ServerApi.IUserInfos.GetUserInfoAsync(System.String)">
            <summary>
            Get user information
            </summary>
            <param name="userName">The user name</param>
            <returns>The user information for specific user</returns>
        </member>
        <member name="M:GrapeCity.Forguncy.ServerApi.IUserInfos.GetUserNameByExtendedProperty(System.String,System.String)">
            <summary>
            Get user name by extended property value.
            </summary>
            <param name="extendedPropertyName">extended property name</param>
            <param name="value">extended property value</param>
            <returns>The first user name found by the extented property value, if can't find specific user, return value is null.</returns>
        </member>
        <member name="M:GrapeCity.Forguncy.ServerApi.IUserInfos.AddUser(System.String,System.String,System.String,System.String,System.Collections.Generic.Dictionary{System.String,System.String})">
            <summary>
            <cn>
            添加Forguncy用户帐户。
            </cn>
            <ja>
            Forguncyのユーザーアカウントを追加します。
            </ja>
            </summary>
            <param name="userName"><cn>用户名</cn><ja>ユーザー名</ja></param>
            <param name="password"><cn>密码</cn><ja>パスワード</ja></param>
            <param name="email"><cn>邮件地址</cn><ja>メールアドレス</ja></param>
            <param name="displayName"><cn>显示名称</cn><ja>氏名</ja></param>
            <param name="extendedPropertyList"><cn>扩展属性列表</cn><ja>拡張属性のリスト</ja></param>
            <example>
            <cn>
            指定注册所需的信息并添加一个Forguncy用户帐户。。
            </cn>
            <ja>
            登録に必要な情報を指定し、Forguncyのユーザーアカウントを追加します。
            </ja>
            <code>
            public class SampleApi : ForguncyApi
            {
                [Get]
                public void TestAddUser()
                {
                var dic = new Dictionary&lt;string, string&gt;();
                dic.Add("上長", "Administrator");// '上長'、および'肩書'という名称の拡張属性の値を設定
                dic.Add("肩書", "プロダクトマネージャ");
                this.UserInfos.AddUser("testUser1", "123456", "example1@example.com", "テスト一郎", dic);
                }
            }
            </code>
            </example>
        </member>
        <member name="M:GrapeCity.Forguncy.ServerApi.IUserInfos.AddUserAsync(System.String,System.String,System.String,System.String,System.Collections.Generic.Dictionary{System.String,System.String})">
            <summary>
            
            </summary>
            <param name="userName"></param>
            <param name="password"></param>
            <param name="email"></param>
            <param name="displayName"></param>
            <param name="extendedPropertyList"></param>
            <returns></returns>
        </member>
        <member name="M:GrapeCity.Forguncy.ServerApi.IUserInfos.UpdateUserAsync(System.String,System.String,System.String,System.Collections.Generic.Dictionary{System.String,System.String})">
            <summary>
            Update user information.
            </summary>
            <param name="userName">The user name.</param>
            <param name="email">The email.</param>
            <param name="displayName">The display name.</param>
            <param name="extendedPropertyList">The extended properties</param>
        </member>
        <member name="M:GrapeCity.Forguncy.ServerApi.IUserInfos.DeleteUser(System.String)">
            <summary>
            <cn>
            删除Forguncy用户帐户。
            </cn>
            <ja>
            Forguncyのユーザーアカウントを削除します。
            </ja>
            </summary>
            <param name="userName"><cn>用户名</cn><ja>ユーザー名</ja></param>
            <example>
            <cn>
            通过用户名删除Forguncy用户帐户。
            </cn>
            <ja>
            ユーザー名を指定してForguncyのユーザーアカウントを削除します。
            </ja>
            <code>
            public class SampleApi : ForguncyApi
            {
                [Get]
                public void TestDeleteUser()
                {
                    this.UserInfos.DeleteUser("testUser1");
                }
            }
            </code>
            </example>
        </member>
        <member name="M:GrapeCity.Forguncy.ServerApi.IUserInfos.DeleteUserAsync(System.String)">
            <summary>
            
            </summary>
            <param name="userName"></param>
            <returns></returns>
        </member>
        <member name="M:GrapeCity.Forguncy.ServerApi.IUserInfos.GetRolesAsync">
            <summary>
            Get the roles of all users in Forguncy.
            </summary>
            <returns>A list of role names for all users in Forguncy.</returns>
            <example>
            <code>
            public class SampleApi : ForguncyApi
            {
                [Get]
                public List&lt;string&gt; TestGetUserRoles()
                {
                   return this.UserInfos.GetRoles();
                }
            }
            </code>
            </example>
        </member>
        <member name="M:GrapeCity.Forguncy.ServerApi.IUserInfos.AddUsersToRoleAsync(System.String,System.Collections.Generic.IEnumerable{System.String})">
            <summary>
            
            </summary>
            <param name="roleName"></param>
            <param name="userNames"></param>
        </member>
        <member name="M:GrapeCity.Forguncy.ServerApi.IUserInfos.RemoveUsersFromRoleAsync(System.String,System.Collections.Generic.IEnumerable{System.String})">
            <summary>
            
            </summary>
            <param name="roleName"></param>
            <param name="userNames"></param>
        </member>
        <member name="M:GrapeCity.Forguncy.ServerApi.IUserInfos.GetOrganizationsAsync">
            <summary>
            
            </summary>
            <returns></returns>
        </member>
        <member name="M:GrapeCity.Forguncy.ServerApi.IUserInfos.AddUsersToOrganizationAsync(System.String,System.Collections.Generic.IEnumerable{GrapeCity.Forguncy.ServerApi.OrganizationMember})">
            <summary>
            
            </summary>
            <param name="organizationPath"></param>
            <param name="organizationMembers"></param>
        </member>
        <member name="M:GrapeCity.Forguncy.ServerApi.IUserInfos.RemoveUsersFromOrganizationAsync(System.String,System.Collections.Generic.IEnumerable{System.String})">
            <summary>
            
            </summary>
            <param name="organizationPath"></param>
            <param name="userNames"></param>
        </member>
        <member name="M:GrapeCity.Forguncy.ServerApi.IUserInfos.MoveEntireOrganizationAsync(System.String,System.String)">
            <summary>
            
            </summary>
            <param name="organizationPath"></param>
            <param name="newParentOrganizationPath"></param>
        </member>
        <member name="M:GrapeCity.Forguncy.ServerApi.IUserInfos.GetOrganizationLevels">
            <summary>
            
            </summary>
            <returns></returns>
        </member>
        <member name="M:GrapeCity.Forguncy.ServerApi.IUserInfos.AddOrganizationLevelAsync(System.String)">
            <summary>
            
            </summary>
            <param name="organizationLevelName"></param>
        </member>
        <member name="M:GrapeCity.Forguncy.ServerApi.IUserInfos.DeleteOrganizationLevelAsync(System.String)">
            <summary>
            
            </summary>
            <param name="organizationLevelName"></param>
        </member>
        <member name="M:GrapeCity.Forguncy.ServerApi.IUserInfos.UpdateOrganizationLevelAsync(System.String,System.String)">
            <summary>
            
            </summary>
            <param name="oldOrganizationLevelName"></param>
            <param name="newOrganizationLevelName"></param>
        </member>
        <member name="M:GrapeCity.Forguncy.ServerApi.IUserInfos.AddOrganizationAsync(System.String,System.String,System.String)">
            <summary>
            
            </summary>
            <param name="organizationName"></param>
            <param name="parentOrganizationPath"></param>
            <param name="organizationLevel"></param>
        </member>
        <member name="M:GrapeCity.Forguncy.ServerApi.IUserInfos.DeleteOrganizationAsync(System.String)">
            <summary>
            
            </summary>
            <param name="organizationPath"></param>
        </member>
        <member name="M:GrapeCity.Forguncy.ServerApi.IUserInfos.UpdateOrganizationInfoAsync(System.String,System.String,System.String,System.String)">
            <summary>
            
            </summary>
            <param name="oldOrganizationName"></param>
            <param name="parentOrganizationPath"></param>
            <param name="newOrganizationName"></param>
            <param name="newOrganizationLevel"></param>
        </member>
        <member name="M:GrapeCity.Forguncy.ServerApi.IUserInfos.GetExtendedProperties">
            <summary>
            
            </summary>
            <returns></returns>
        </member>
        <member name="M:GrapeCity.Forguncy.ServerApi.IUserInfos.LoginAsync(Microsoft.AspNetCore.Http.HttpContext,System.String,System.Boolean)">
            <summary>
            
            </summary>
            <param name="context"></param>
            <param name="userName"></param>
            <param name="rememberMe"></param>
        </member>
        <member name="M:GrapeCity.Forguncy.ServerApi.IUserInfos.LogoutAsync(Microsoft.AspNetCore.Http.HttpContext)">
            <summary>
            
            </summary>
            <param name="context"></param>
        </member>
        <member name="M:GrapeCity.Forguncy.ServerApi.IUserInfos.ValidateAsync(System.String,System.String)">
            <summary>
            
            </summary>
            <param name="userName"></param>
            <param name="password"></param>
            <returns></returns>
        </member>
        <member name="P:GrapeCity.Forguncy.ServerApi.IUserInfos.UserServiceURL">
            <summary>
            
            </summary>
        </member>
        <member name="M:GrapeCity.Forguncy.ServerApi.IUserInfos.ClearCache">
            <summary>
            Clear the cache of user information in Forguncy.
            </summary>
            <example>
            <code>
            public class SampleApi : ForguncyApi
            {
                [Get]
                public void TestClearCache()
                {
                    this.UserInfos.ClearCache();
                }
            }
            </code>
            </example>
        </member>
        <member name="P:GrapeCity.Forguncy.ServerApi.IUserInfos.AuthenticationMode">
            <summary>
            
            </summary>
        </member>
        <member name="T:GrapeCity.Forguncy.ServerApi.OrganizationInfo">
            <summary>
            
            </summary>
        </member>
        <member name="M:GrapeCity.Forguncy.ServerApi.OrganizationInfo.#ctor">
            <summary>
            
            </summary>
        </member>
        <member name="P:GrapeCity.Forguncy.ServerApi.OrganizationInfo.Name">
            <summary>
            Authentication mode of application。
            </summary>
        </member>
        <member name="P:GrapeCity.Forguncy.ServerApi.OrganizationInfo.OrganizationLevelName">
            <summary>
            
            </summary>
        </member>
        <member name="P:GrapeCity.Forguncy.ServerApi.OrganizationInfo.SubOrganizations">
            <summary>
            
            </summary>
        </member>
        <member name="P:GrapeCity.Forguncy.ServerApi.OrganizationInfo.OrganizationMembers">
            <summary>
            
            </summary>
        </member>
        <member name="T:GrapeCity.Forguncy.ServerApi.OrganizationMember">
            <summary>
            
            </summary>
        </member>
        <member name="P:GrapeCity.Forguncy.ServerApi.OrganizationMember.UserName">
            <summary>
            
            </summary>
        </member>
        <member name="P:GrapeCity.Forguncy.ServerApi.OrganizationMember.IsLeader">
            <summary>
            
            </summary>
        </member>
        <member name="P:GrapeCity.Forguncy.ServerApi.OrganizationMember.OrganizationRole">
            <summary>
            
            </summary>
        </member>
        <member name="P:GrapeCity.Forguncy.ServerApi.OrganizationMember.OrganizationRoles">
            <summary>
            
            </summary>
        </member>
        <member name="T:GrapeCity.Forguncy.ServerApi.UserInfo">
            <summary>
            <cn>
            定义一个用户帐户数据。
            </cn>
            <ja>
            1件のユーザーアカウントデータを定義します。
            </ja>
            </summary>
        </member>
        <member name="M:GrapeCity.Forguncy.ServerApi.UserInfo.#ctor(System.Data.DataRow)">
            <summary>
            <cn>
            给定行数据，初始化UserInfo的新实例。
            </cn>
            <ja>
            行データ（DataRowオブジェクト）を指定してUserInfoの新しいインスタンスを初期化します。
            </ja>
            </summary>
            <param name="row"><cn>数据行</cn><ja>データの行</ja></param>
        </member>
        <member name="P:GrapeCity.Forguncy.ServerApi.UserInfo.UserName">
            <summary>
            <cn>
            获取用户名。
            </cn>
            <ja>
            ユーザー名を取得します。
            </ja>
            </summary>
        </member>
        <member name="P:GrapeCity.Forguncy.ServerApi.UserInfo.FullName">
            <summary>
            <cn>
            获取全名。
            </cn>
            <ja>
            氏名を取得します。
            </ja>
            </summary>
        </member>
        <member name="P:GrapeCity.Forguncy.ServerApi.UserInfo.Email">
            <summary>
            <cn>
            获取电子邮件地址。
            </cn>
            <ja>
            メールアドレスを取得します。
            </ja>
            </summary>
        </member>
        <member name="P:GrapeCity.Forguncy.ServerApi.UserInfo.Role">
            <summary>
            <cn>
            获得角色。
            </cn>
            <ja>
            ロールを取得します。
            </ja>
            </summary>
        </member>
        <member name="M:GrapeCity.Forguncy.ServerApi.UserInfo.GetPropertyValue(System.String)">
            <summary>
            <cn>
            获取扩展属性。
            </cn>
            <ja>
            拡張属性を取得します。
            </ja>
            </summary>
            <param name="propertyName"><cn>扩展属性名</cn><ja>拡張属性名</ja></param>
            <returns></returns>
        </member>
        <member name="T:GrapeCity.Forguncy.ServerApi.AuthMode">
            <summary>
            <cn>
            认证模式。
            </cn>
            <ja>
            Authentication mode.
            </ja>
            </summary>
        </member>
        <member name="F:GrapeCity.Forguncy.ServerApi.AuthMode.Windows">
            <summary>
            <cn>
            Windows域认证模式。
            </cn>
            <ja>
            Windows authentication mode.
            </ja>
            </summary>
        </member>
        <member name="F:GrapeCity.Forguncy.ServerApi.AuthMode.Forms">
            <summary>
            <cn>
            普通登录认证模式。
            </cn>
            <ja>
            Forms authentication mode.
            </ja>
            </summary>
        </member>
        <member name="F:GrapeCity.Forguncy.ServerApi.AuthMode.SecurityProvider">
            <summary>
            <cn>
            第三方集成认证模式。
            </cn>
            <ja>
            Third part authentication mode.
            </ja>
            </summary>
        </member>
        <member name="T:GrapeCity.Forguncy.ServerApi.ICacheService">
            <summary>
            
            </summary>
        </member>
        <member name="M:GrapeCity.Forguncy.ServerApi.ICacheService.Exists(System.String)">
            <summary>
            验证缓存项是否存在
            </summary>
            <param name="key">缓存Key</param>
            <returns></returns>
        </member>
        <member name="M:GrapeCity.Forguncy.ServerApi.ICacheService.Add(System.String,System.Object)">
            <summary>
            添加缓存
            </summary>
            <param name="key">缓存Key</param>
            <param name="value">缓存Value</param>
            <returns></returns>
        </member>
        <member name="M:GrapeCity.Forguncy.ServerApi.ICacheService.Add(System.String,System.Object,System.TimeSpan)">
            <summary>
            添加缓存
            </summary>
            <param name="key">缓存Key</param>
            <param name="value">缓存Value</param>
            <param name="expiresIn">缓存时长</param>
            <returns></returns>
        </member>
        <member name="M:GrapeCity.Forguncy.ServerApi.ICacheService.Remove(System.String)">
            <summary>
            删除缓存
            </summary>
            <param name="key">缓存Key</param>
            <returns></returns>
        </member>
        <member name="M:GrapeCity.Forguncy.ServerApi.ICacheService.RemoveAll(System.Collections.Generic.IEnumerable{System.String})">
            <summary>
            批量删除缓存
            </summary>
            <param name="keys">缓存Key集合</param>
            <returns></returns>
        </member>
        <member name="M:GrapeCity.Forguncy.ServerApi.ICacheService.Get``1(System.String)">
            <summary>
            获取缓存
            </summary>
            <param name="key">缓存Key</param>
            <returns></returns>
        </member>
        <member name="M:GrapeCity.Forguncy.ServerApi.ICacheService.Get(System.String)">
            <summary>
            获取缓存
            </summary>
            <param name="key">缓存Key</param>
            <returns></returns>
        </member>
        <member name="M:GrapeCity.Forguncy.ServerApi.ICacheService.Replace(System.String,System.Object)">
            <summary>
            修改缓存
            </summary>
            <param name="key">缓存Key</param>
            <param name="value">新的缓存Value</param>
            <returns></returns>
        </member>
        <member name="M:GrapeCity.Forguncy.ServerApi.ICacheService.Replace(System.String,System.Object,System.TimeSpan)">
            <summary>
            修改缓存
            </summary>
            <param name="key">缓存Key</param>
            <param name="value">新的缓存Value</param>
            <param name="expiresIn">缓存时长</param>
            <returns></returns>
        </member>
        <member name="T:GrapeCity.Forguncy.ServerApi.MiddlewareInjector">
            <summary>
              实现中间件的依赖注入
            </summary>
        </member>
        <member name="M:GrapeCity.Forguncy.ServerApi.MiddlewareInjector.ConfigureServices(System.Collections.Generic.List{GrapeCity.Forguncy.ServerApi.ServiceItem},Microsoft.Extensions.DependencyInjection.IServiceCollection)">
            <summary>
            修改待注册的服务列表
            </summary>
            <param name="serviceItems"></param>
            <param name="services"></param>
            <returns></returns>
        </member>
        <member name="M:GrapeCity.Forguncy.ServerApi.MiddlewareInjector.Configure(System.Collections.Generic.List{GrapeCity.Forguncy.ServerApi.MiddlewareItem},Microsoft.AspNetCore.Builder.IApplicationBuilder)">
            <summary>
              修改待注册的中间件列表
            </summary>
            <param name="middlewareItems">已经存在的中间件列表</param>
            <param name="app">IApplicationBuilder 接口实例</param>
            <returns>更新后的中间件列表</returns>
        </member>
        <member name="T:GrapeCity.Forguncy.ServerApi.InjectorItem">
            <summary>
             依赖注入项
            </summary>
        </member>
        <member name="M:GrapeCity.Forguncy.ServerApi.InjectorItem.#ctor">
            <summary>
            
            </summary>
        </member>
        <member name="M:GrapeCity.Forguncy.ServerApi.InjectorItem.#ctor(System.String,System.String)">
            <summary>
            
            </summary>
            <param name="id"></param>
            <param name="description"></param>
        </member>
        <member name="P:GrapeCity.Forguncy.ServerApi.InjectorItem.Id">
            <summary>
              ID
            </summary>
        </member>
        <member name="P:GrapeCity.Forguncy.ServerApi.InjectorItem.Description">
            <summary>
              描述
            </summary>
        </member>
        <member name="M:GrapeCity.Forguncy.ServerApi.InjectorItem.ToString">
            <summary>
            
            </summary>
            <returns></returns>
        </member>
        <member name="T:GrapeCity.Forguncy.ServerApi.MiddlewareItem">
            <summary>
              待注册的中间件项目
            </summary>
        </member>
        <member name="M:GrapeCity.Forguncy.ServerApi.MiddlewareItem.#ctor">
            <summary>
            
            </summary>
        </member>
        <member name="M:GrapeCity.Forguncy.ServerApi.MiddlewareItem.#ctor(System.String,System.String)">
            <summary>
            
            </summary>
            <param name="id"></param>
            <param name="description"></param>
        </member>
        <member name="P:GrapeCity.Forguncy.ServerApi.MiddlewareItem.ConfigureMiddleWareAction">
            <summary>
              注册逻辑
            </summary>
        </member>
        <member name="T:GrapeCity.Forguncy.ServerApi.ServiceItem">
            <summary>
            待注册的服务项目
            </summary>
        </member>
        <member name="M:GrapeCity.Forguncy.ServerApi.ServiceItem.#ctor">
            <summary>
            
            </summary>
        </member>
        <member name="M:GrapeCity.Forguncy.ServerApi.ServiceItem.#ctor(System.String,System.String)">
            <summary>
            
            </summary>
            <param name="id"></param>
            <param name="description"></param>
        </member>
        <member name="P:GrapeCity.Forguncy.ServerApi.ServiceItem.ConfigureServiceAction">
            <summary>
              注册逻辑
            </summary>
        </member>
        <member name="T:GrapeCity.Forguncy.ServerApi.IStoredProcedureParamter">
            <summary>
            
            </summary>
        </member>
        <member name="P:GrapeCity.Forguncy.ServerApi.IStoredProcedureParamter.Name">
            <summary>
            
            </summary>
        </member>
        <member name="P:GrapeCity.Forguncy.ServerApi.IStoredProcedureParamter.Value">
            <summary>
            
            </summary>
        </member>
        <member name="P:GrapeCity.Forguncy.ServerApi.IStoredProcedureParamter.ReturnCell">
            <summary>
            
            </summary>
        </member>
        <member name="P:GrapeCity.Forguncy.ServerApi.IStoredProcedureParamter.Direction">
            <summary>
            
            </summary>
        </member>
        <member name="P:GrapeCity.Forguncy.ServerApi.IStoredProcedureParamter.DataType">
            <summary>
            
            </summary>
        </member>
        <member name="T:GrapeCity.Forguncy.ServerApi.IStoredProcedureResult">
            <summary>
            
            </summary>
        </member>
        <member name="P:GrapeCity.Forguncy.ServerApi.IStoredProcedureResult.Parameters">
            <summary>
            
            </summary>
        </member>
        <member name="P:GrapeCity.Forguncy.ServerApi.IStoredProcedureResult.Result">
            <summary>
            
            </summary>
        </member>
        <member name="F:GrapeCity.Forguncy.ServerApi.ForguncyVersion.VersionString">
            <summary>
            
            </summary>
        </member>
        <member name="F:GrapeCity.Forguncy.ServerApi.ForguncyVersion.ProductName">
            <summary>
            </summary>
        </member>
        <member name="F:GrapeCity.Forguncy.ServerApi.ForguncyVersion.PID">
             <summary>
            
             </summary>
        </member>
        <member name="F:GrapeCity.Forguncy.ServerApi.ForguncyVersion.UpdateString">
            <summary>
            
            </summary>
        </member>
        <member name="F:GrapeCity.Forguncy.ServerApi.ForguncyVersion.AssemblyCopyright">
            <summary>
            
            </summary>
        </member>
        <member name="F:GrapeCity.Forguncy.ServerApi.ForguncyVersion.AssemblyCopyrightDisplay">
            <summary>
            <cn>显示的程序集版权</cn>
            <cn>表示されるアセンブリの著作権</cn>
            <kr>어셈블리 저작권 표시</kr>
            </summary>
        </member>
        <member name="F:GrapeCity.Forguncy.ServerApi.ForguncyVersion.Version">
            <summary>
            
            </summary>
        </member>
        <member name="F:GrapeCity.Forguncy.ServerApi.ForguncyVersion.MainVersionString">
            <summary>
            
            </summary>
        </member>
        <member name="F:GrapeCity.Forguncy.ServerApi.ForguncyVersion.MainAndBuildVersionString">
            <summary>
            
            </summary>
        </member>
        <member name="F:GrapeCity.Forguncy.ServerApi.ForguncyVersion.LicenseVersionNumber">
            <summary>
            
            </summary>
        </member>
        <member name="F:GrapeCity.Forguncy.ServerApi.ForguncyVersion.LicenseVersionNumber_CN">
            <summary>
            
            </summary>
        </member>
        <member name="F:GrapeCity.Forguncy.ServerApi.ForguncyVersion.LicenseVersionNumber_EN">
            <summary>
            
            </summary>
        </member>
    </members>
</doc>
