﻿{
"assembly": [
"ObjectOperationCommand.dll"
],
"javascript": [
"Resources/Resource.js",
"Resources/AddItemToArrayObjectCommand.js",
"Resources/CreateArrayObjectCommand.js",
"Resources/CreateObjectCommand.js",
],
"css": [],
"image": "Resources/PluginLogo.png",
"description": "对象操作工具集合",
"name": "ObjectOperationCommand",
"name_cn": "对象操作工具集合",
"pluginType": "command",
"guid": "510941bd-49a1-4e6b-a133-c56903a37591",
"version": "8.0.3.0",
"dependenceVersion": "8.0.3.0"
}
