﻿{
  "assembly": [
    "表格统计状态栏.dll"
  ],
  "javascript": [
    "Resources\\表格统计状态栏.js",
    "Resources\\CalSelectValue.js"
  ],
  "css": [],
  "image": "Resources\\PluginLogo.png",
  "description": "统计当前选中表格的数据，包括求和，计数，平均值，最大值，最小值，统计逻辑和Excel保持一致",
  "name": "表格统计状态栏",
  "pluginType": "cellType",
  "guid": "be211b48-02af-4a06-a780-d84fdf4fbdbf",
  "version": "7.0.102.2",
  "dependenceVersion": "7.0.102.0"
}
