﻿{
  "assembly": [
    "Speak.dll"
  ],
  "css": [],
  "dependenceVersion": "6.0.102.0",
  "description": "支持将文字实时合成为语音并播报出来，支持调整音量、音调、语速等",
  "guid": "e89bb0b5-4c36-4f7e-9169-a43163696dfa",
  "image": "Resources/PluginLogo.png",
  "javascript": [
    "Resources/Speak.js",
    "Resources/Pause.js",
    "Resources/Resume.js",
    "Resources/Stop.js"
  ],
  "name": "文字转语音播报",
  "pluginType": "command",
  "version": "1.0.0.0"
}
