﻿{
"assembly": [
"SetFocusCommand.dll"
],
"javascript": [
"Resources/SetFocusCommand.js"
],
"css": [],
"image": "Resources/Image.png",
"description": "Allow set focus to a cell when execute the command",
"description_ja": "指定したセルにフォーカスを設定するコマンドです。",
"description_cn": "执行该命令可以让目标单元格获得焦点。",
"description_kr": "명령을 실행할 때 대상 셀이 포커스 상태가 되도록 설정할 수 있습니다.",
"name": "SetFocusCommand",
"name_ja": "フォーカス設定",
"name_cn": "设置焦点命令",
"name_kr": "셀 포커스 명령",
"pluginType": "command",
"guid": "328aa5a0-ddbb-4390-92db-9a3e7c7d42e3",
"version": "9.0.102.0",
"dependenceVersion": "9.0.102.0",
"bundleJavaScript": true,
"bundleCSS": true
}
