﻿{
"assembly": [
"OperateFilesCommand.dll"
],
"javascript": [],
"css": [],
"image": "Resources/Image.png",
"description": "Provide a group of ways to operate files",
"description_ja": "サーバー側のファイルを操作するための一連のコマンドを提供します。",
"description_cn": "提供一组操作服务器文件的命令",
"description_kr": "서버에서 파일들을 운용하는 기능들을 제공하여 쉽게 관리하실 수 있습니다.",
"name": "OperateFilesCommand",
"name_ja": "ファイル操作",
"name_cn": "文件操作命令",
"name_kr": "서버 파일 관리",
"pluginType": "command",
"guid": "CBA0D096-B42C-4158-857C-F305CC5D1A7E",
"version": "9.0.102.0",
"dependenceVersion": "9.0.102.0"
}
