﻿{
"assembly": [
"SmartPhoneCommand.dll"
],
"javascript": [
"Resources/SmartPhoneCommand.js"
],
"css": [],
"image": "Resources/PluginLogo.png",
"description": "Allow the target cell to get the result of the smart phone scan QR code",
"description_ja": "スマートフォンのカメラでバーコードをスキャンして、指定したセルに値を設定するコマンドです。",
"description_cn": "执行该命令可以让目标单元格获得手机扫描二维码结果。",
"description_kr": "대상 셀에 스마트폰에서 촬영한 QR 코드 스캔의 결과를 가져옵니다.",
"name": "SmartPhoneCommand",
"name_ja": "モバイルバーコードスキャン",
"name_cn": "手机扫码命令",
"name_kr": "스마트폰 QR 스캔 명령",
"pluginType": "command",
"guid": "e39e1475-e76e-49c0-bcbf-8125be126841",
"version": "9.0.102.0",
"dependenceVersion": "9.0.102.0",
"bundleJavaScript": true,
"bundleCSS": true
}
