﻿{
"assembly": [
"SelectionPanel.dll"
],
"javascript": [
"Resources/Extensions/ObjectExtensions.js",
"Resources/Presenter/SPanelPresenter.js",
"Resources/SelectionPanel.js"
],
"css": [
"Resources/SelectionPanel.css"
],
"image": "Resources/PluginLogo.png",
"description": "Display the items selected in a ListView.",
"description_cn": "呈现用户在表格中的选择项。",
"description_ja": "リストビューの選択行を表示するパネルです。",
"description_kr": "ListView 하나를 지정하고, 사용자가 선택한 열의 특정 항목을 표시합니다.",
"name": "SelectionPanel",
"name_cn": "表格选择项容器",
"name_ja": "選択行表示パネル",
"name_kr": "선택 데이터 표시창",
"pluginType": "cellType",
"guid": "4166fae3-7d66-44ad-9117-67cb36b19139",
"version": "9.0.102.0",
"dependenceVersion": "9.0.102.0",
"bundleJavaScript": true,
"bundleCSS": true
}
